阶段,STEAM (探索与创造),人文与思辨 (自我与社会),自然与生活 (连接与责任),玩耍与体育 (意志与协作),,,,,,,,,,,,,,,
"启蒙期 (5-6岁)

启蒙与感知","
建立认知 — 认识工具与材料，理解安全使用规则
感受好奇 — 感知力的存在，对物理现象产生兴趣
理解因果 — 理解“原因”与“结果”逻辑关联
搭建稳固 — 具备搭建三维立体结构的基础能力

感官启迪 — 认识工具与材料，通过简单搭建感受力的存在，建立对物理因果的初步好奇","
识别情绪 — 能够说出自己的开心、难过、生气等感受
学习交往 — 在互动中尝试轮流、等待、分享
理解家庭 — 认识家庭成员的关联与彼此的付出
建立边界 — 具备基本的对错判断意识、理解公共规则

情绪初识 — 识别基本情绪，在游戏中学习轮流与分享，建立对家庭和规则的初步认知","自我照料 — 独立完成日常穿衣、收纳等基本事务
观察生命 — 关注植物或小动物的成长过程
亲近自然 — 辨识身边常见的动植物
参与集体 — 愿意承担简单的班级或小组任务

自我萌芽 — 学习独立照料日常起居，在种植与观察中建立与自然的最初连接","基础动作 — 掌握跑、跳、攀爬、抛接等基本身体控制
遵守规则 — 在游戏中理解并愿意遵守简单规则
接纳结果 — 能够面对输赢，不因结果过度情绪化
体验乐趣 — 广泛接触多种运动，感受玩耍的快乐

快乐动感 — 掌握跑跳攀爬等基础动作，在游戏中理解输赢，感受身体运动的纯粹乐趣",,,,,,,,,,,,,,,
"探索期 (6-8岁)

探索与建构","认识机械 — 理解简单机械如何改变力的大小或方向
感知电路 — 建立闭合回路的基本概念
图形编程 — 理解程序的基本逻辑与指令序列
设计搭建 — 经历从想法到实物的完整过程

机械入门 — 理解简单机械与电路原理，通过图形化编程建立逻辑思维，经历从想法到实物的完整过程","学会倾听 — 能够复述他人观点并做出回应
理解角色 — 通过体验认识不同社会角色的价值
参与规则 — 理解规则的意义，参与制定和遵守
承担责任 — 具备承认错误并弥补过失的勇气

共情萌芽 — 学会倾听与角色扮演，理解不同社会角色的价值，在规则制定中培养责任意识","辨别方位 — 能够使用地图、指南针等工具进行定位
生活技能 — 掌握基础烹饪、整理等日常事务能力
户外探索 — 具备走出熟悉环境的基本安全意识
环保意识 — 理解资源循环，建立初步的环保观念

走出家门 — 学习使用地图与工具，掌握基础生活技能，在户外探索中建立安全意识和环保观念","
协调灵活 — 具备较好的身体协调性与灵活性
团队配合 — 理解合作概念，在集体运动中配合他人
体能基础 — 具备持续运动的基础耐力
运动习惯 — 建立运动前热身与运动后放松的意识

协作初建 — 提升身体协调性，在团队运动中学习配合，建立热身与放松的运动习惯",,,,,,,,,,,,,,,
"应用期 (8-10岁)

应用与系统","应用传动 — 运用齿轮、连杆等实现特定功能的装置
使用传感 — 理解传感器原理，实现软硬件交互
编程逻辑 — 掌握条件、循环、变量等编程结构
迭代改进 — 经历测试与优化，完成工程闭环

系统构建 — 运用传动结构与传感器，掌握编程逻辑，经历测试与迭代的完整闭环，实现从单一技能到综合解决问题的能力提升。","区分事实 — 能够辨别“事实”与“观点”的差异
解决问题 — 针对身边问题提出见解并尝试解决
尊重差异 — 理解文化的多样性与个体的独特性
组织协调 — 在团队中承担协调或组织角色

理性思辨 — 区分事实与观点，针对身边问题提出解决方案，在团队中承担组织协调角色","独立出行 — 规划路线并安全完成城市交通出行
安全防护 — 掌握基础急救技能与自我保护方法
自然记录 — 进行户外观察与调研记录
服务实践 — 参与真实的社会服务或公益活动

社会连接 — 独立完成城市出行，掌握急救技能，通过社会服务实践理解个人对社区的责任","

多元能力 — 具备适应不同运动项目的身体能力储备
维护规则 — 理解并自发维护各项运动的规则
战术意识 — 参与团队战术讨论，理解分工配合
挑战自我 — 愿意接受适度难度的运动任务

规则内化 — 适应多元运动项目，自发维护规则，理解团队战术，愿意挑战适度难度",,,,,,,,,,,,,,,
"创新期 (10-12岁)

创新与责任","原创构想 — 从真实问题出发，提出具有独创性的解决方案
原型实现 — 综合运用硬件、软件、数字制造，实现从单一技能到综合解决问题的能力提升。
优化迭代 —基于测试反馈 自主持续改进，在试错中独立表达。
创新表达 — 能够清晰地阐述设计思路、创新点与价值所在

创新孵化 — 从真实问题出发提出原创方案，综合运用软硬件与数字制造实现原型，在试错迭代中完成创新表达","
同理视角 — 能够从他人角度思考问题与需求
社会行动 —参与或设计实际影响力的公益项目
公民意识 — 理解个人权利与社会责任的平衡
项目管理 — 在复杂任务中进行分工、协调与资源整合

公民觉醒 — 运用同理心理解他人需求，发起并执行社会行动，在复杂项目中协调资源，理解权利与责任的平衡","独立策划 — 完成从计划到执行的全流程组织
生活应对 — 掌握应对日常常见问题的综合生活技能
深度参与 — 参与生态或自然项目，理解人与自然的关系
调研分析 — 对社会或生活现象进行调查并形成见解

独立担当 — 独立策划执行完整项目，掌握综合生活技能，深度参与自然生态项目，形成对社会现象的独立见解","

综合素养 — 具备良好的体能储备与多样化的运动能力
公平竞争 — 运用规则制定策略，具备竞赛精神
战术执行 — 在团队运动中根据战术调整自己的角色
带领指导 — 能够为低龄儿童示范并引导安全运动

综合素养 — 具备多样化运动能力与体能储备，在公平竞争中运用规则与战术，能够带领低龄儿童安全运动",,,,,,,,,,,,,,,